{
  "q_values": {
    "EN_medium_few": {
      "explain": 0.032494134225,
      "example": 0.00825
    },
    "default": {
      "unknown": 0.08127523624251617
    },
    "HI_medium_few": {
      "explain": 0.0333968563
    },
    "HI_short_few": {
      "explain": 0.00855
    }
  },
  "action_counts": {
    "EN_medium_few": {
      "explain": 4,
      "example": 1
    },
    "HI_medium_few": {
      "explain": 4
    },
    "HI_short_few": {
      "explain": 1
    }
  },
  "epsilon": 0.08953382542587164,
  "total_actions": 10,
  "successful_actions": 20,
  "reward_history": [
    0.8274999999999999,
    0.85,
    0.8266666666666667,
    0.85,
    0.8225,
    0.85,
    0.825,
    0.85,
    0.8220000000000001,
    0.85,
    0.8699999999999999,
    0.85,
    0.855,
    0.85,
    0.855,
    0.85,
    0.8460000000000001,
    0.85,
    0.8200000000000001,
    0.85
  ],
  "action_history": [
    "explain",
    "unknown",
    "explain",
    "unknown",
    "explain",
    "unknown",
    "example",
    "unknown",
    "explain",
    "unknown",
    "explain",
    "unknown",
    "explain",
    "unknown",
    "explain",
    "unknown",
    "explain",
    "unknown",
    "explain",
    "unknown"
  ],
  "timestamp": 1756979367.2677853
}